{"cameraMode":{"drawMode":0,"name":"Shaded","section":"Shading Mode"},"sceneLighting":true,"audioPlay":false,"sceneViewState":{"showFog":true,"showMaterialUpdate":false,"showSkybox":false,"showFlares":true,"showImageEffects":true,"showParticleSystems":true},"in2DMode":false,"pivot":{"x":0.6825165748596191,"y":1.0556743144989014,"z":0.7883725166320801},"rotation":{"x":-0.08117187768220902,"y":0.9186789989471436,"z":-0.2820655107498169,"w":-0.2643730938434601},"size":40.010372161865237,"orthographic":true}