{"cameraMode":{"drawMode":0,"name":"Shaded","section":"Shading Mode"},"sceneLighting":false,"audioPlay":false,"sceneViewState":{"showFog":true,"showMaterialUpdate":false,"showSkybox":false,"showFlares":true,"showImageEffects":true,"showParticleSystems":true},"in2DMode":false,"pivot":{"x":-0.0017562834545969964,"y":0.04433548077940941,"z":0.0029330942779779436},"rotation":{"x":0.008148680441081524,"y":-0.8988584876060486,"z":0.4378734827041626,"w":0.016724031418561937},"size":0.09170084446668625,"orthographic":true}