{"cameraMode":{"drawMode":0,"name":"Shaded","section":"Shading Mode"},"sceneLighting":false,"audioPlay":false,"sceneViewState":{"showFog":true,"showMaterialUpdate":false,"showSkybox":false,"showFlares":true,"showImageEffects":true,"showParticleSystems":true},"in2DMode":false,"pivot":{"x":-0.002390719950199127,"y":0.05265823379158974,"z":0.0050157890655100349},"rotation":{"x":0.13308799266815186,"y":-0.824103832244873,"z":0.5061811208724976,"w":0.2166755646467209},"size":0.0660317912697792,"orthographic":true}