{"cameraMode":{"drawMode":0,"name":"Shaded","section":"Shading Mode"},"sceneLighting":false,"audioPlay":false,"sceneViewState":{"showFog":true,"showMaterialUpdate":false,"showSkybox":false,"showFlares":true,"showImageEffects":true,"showParticleSystems":true},"in2DMode":false,"pivot":{"x":0.00007506180554628372,"y":0.045194100588560107,"z":0.004423737525939941},"rotation":{"x":0.0033104175236076118,"y":0.9761469960212708,"z":-0.21664254367351533,"w":0.01493446622043848},"size":0.08123370260000229,"orthographic":true}